<?xml version="1.0" encoding="UTF-8" ?>
<beans xmlns="http://www.springframework.org/schema/beans"
       xmlns:xsi="http://www.w3.org/2001/XMLSchema-instance"
       xmlns:context="http://www.springframework.org/schema/context"
       xsi:schemaLocation="http://www.springframework.org/schema/beans http://www.springframework.org/schema/beans/spring-beans.xsd http://www.springframework.org/schema/context https://www.springframework.org/schema/context/spring-context.xsd">
<!--    <bean id ="doctor" class = "demo.Doctor">-->
<!--&lt;!&ndash;        <property name="qualification" value="MBBS"></property>&ndash;&gt;-->
<!--&lt;!&ndash;        <property name="nurse" ref="nurse"></property>&ndash;&gt;-->
<!--        <constructor-arg value="MBBS"></constructor-arg>-->
<!--    </bean>-->
<!--    <bean id ="nurse" class = "demo.Nurse"></bean>-->
    <!-- bean definitions here -->

    <context:component-scan base-package="demo"></context:component-scan>

</beans>